name,best_mutant
A0A2K6R6S3,R484K
A0A1W9QRB1,Q301Q
A0A1W9QRB1,D24F
A0A1W9QRB1,V399V
A0A0C4WJ92,L20L
A0A0C4WJ92,L237L
A0A0C4WJ92,L235L
A0A2K6R6S3,T667T
A0A0C4WJ92,L236L
A0A2K6R6S3,D486D
A0A2K6R6S3,E485G
A0A1W9QRB1,T26T
A0A2K6R6S3,T668T
A0A1W9QRB1,D266D
A0A1W9QRB1,V400V
A0A0C4WJ92,R138R
A0A2K6R6S3,D487L
A0A0C4WJ92,A280D
A0A0C4WJ92,L141L
A0A1W9QRB1,D268E
A0A1W9QRB1,Q300A
A0A0C4WJ92,L140L
A0A2K6R6S3,L488L
A0A2K6R6S3,A647A
A0A2K6R6S3,R645R
A0A2K6R6S3,L466L
A0A1W9QRB1,T398T
A0A2K6R6S3,S467I
A0A1W9QRB1,L244L
A0A0C4WJ92,R137R
A0A0C4WJ92,A142A
A0A1W9QRB1,W245F
A0A1W9QRB1,T25V
A0A0C4WJ92,L18L
A0A0C4WJ92,R139R
A0A2K6R6S3,A646A
A0A1W9QRB1,L243L
A0A2K6R6S3,R666K
A0A0C4WJ92,A281A
A0A1W9QRB1,D267D
A0A2K6R6S3,S468A
A0A0C4WJ92,L19L
A0A0C4WJ92,G282G
