name,mutant,caspe_value
BG,A7H,-5.660689830780029
BG,A7K,-9.629582405090332
BG,A7R,-9.51675033569336
BG,A7D,-8.27110481262207
BG,A7E,-7.865427017211914
BG,A7S,0.5424777269363403
BG,A7T,-10.43648624420166
BG,A7N,-5.13564395904541
BG,A7Q,-2.666912794113159
BG,A7A,8.816967010498047
BG,A7V,-16.226558685302734
BG,A7L,-6.3998541831970215
BG,A7I,-16.3273983001709
BG,A7M,-4.75537109375
BG,A7F,-7.57712984085083
BG,A7Y,-7.9410552978515625
BG,A7W,-7.414308547973633
BG,A7P,-13.75269889831543
BG,A7G,-2.1012134552001953
BG,A7C,-6.2196879386901855
BG,A8H,-1.3718070983886719
BG,A8K,-3.6600186824798584
BG,A8R,-4.18751335144043
BG,A8D,-8.869974136352539
BG,A8E,-8.454691886901855
BG,A8S,1.4556037187576294
BG,A8T,-4.552994251251221
BG,A8N,0.9036879539489746
BG,A8Q,-1.593220591545105
BG,A8A,4.981524467468262
BG,A8V,-12.559701919555664
BG,A8L,-3.2708773612976074
BG,A8I,-14.601571083068848
BG,A8M,-3.7304234504699707
BG,A8F,-3.7868549823760986
BG,A8Y,-3.6030688285827637
BG,A8W,-4.830158710479736
BG,A8P,-15.774460792541504
BG,A8G,-1.5961413383483887
BG,A8C,-3.1706671714782715
BG,L6H,-5.267261505126953
BG,L6K,-11.370689392089844
BG,L6R,-11.631326675415039
BG,L6D,-5.086282253265381
BG,L6E,1.803009033203125
BG,L6S,-12.142624855041504
BG,L6T,-7.057224750518799
BG,L6N,-6.998690605163574
BG,L6Q,-1.3050060272216797
BG,L6A,-10.499497413635254
BG,L6V,-6.567286491394043
BG,L6L,8.093254089355469
BG,L6I,-3.9080302715301514
BG,L6M,-0.4929526746273041
BG,L6F,-5.852768421173096
BG,L6Y,-6.2316718101501465
BG,L6W,-4.871212005615234
BG,L6P,-20.584938049316406
BG,L6G,-16.618572235107422
BG,L6C,-8.977950096130371
